Date,Day,Task,Description,Deliverable,Status,Completed Date
25-Aug-26,Day 1,Pharma OS Application,Initial repository setup for frontend (React/Vite) and backend (Node/Express),Software,Completed,8/25/2026
26-Aug-26,Day 2,Pharma OS Application,Created Mongoose data models for Products Invoices and Patients,Database,Completed,8/26/2026
27-Aug-26,Day 3,Pharma OS Application,Implemented POS cart logic and GST calculation using Redux Toolkit,Software,Completed,8/27/2026
27-Aug-26,Day 3,Pharma OS Application,"Integrated core features: Auth, Inventory, POS Billing, FEFO, GRN, Returns, Patients, Suppliers, Reports, Drug Engine, and Expiry Mgmt",Software,Completed,8/27/2026
28-Aug-26,Day 4,Pharma OS Application,Developed frontend Navbar and application routing structure,Website,Completed,8/28/2026
29-Aug-26,Day 5,Pharma OS Application,Implemented JWT authentication and backend middleware,Software,Completed,8/29/2026
29-Aug-26,Day 5,Robot Project,Worked on project readiness of robot project,Documentation,Completed,8/29/2026
30-Aug-26,Day 6,SUNDAY,,,,
31-Aug-26,Day 7,Pharma OS Application,Integrated Billing API with the frontend POS checkout screen,Software,Completed,8/31/2026
31-Aug-26,Day 7,Billing OS,Worked on Billing OS marketing video,Marketing,Completed,8/31/2026
1-Sep-26,Day 8,Pharma OS Application,Developed mock data generation scripts for Invoices and Inventory,Database,Completed,9/1/2026
1-Sep-26,Day 8,HR OS,Worked on HR OS marketing video,Marketing,Completed,9/1/2026
2-Sep-26,Day 9,Pharma OS Application,UI refinements for payment processing and invoice generation,Website,Completed,9/2/2026
3-Sep-26,Day 10,Pharma OS Application,Configured Azure Static Web Apps CI/CD workflow,Pipeline,Completed,9/3/2026
4-Sep-26,Day 11,Pharma OS Application,Migrated mock data to remote MongoDB cluster and pushed deployment code,Database,Completed,9/4/2026
4-Sep-26,Day 11,HR OS,Worked on HR OS application development and integration,Software,Completed,9/4/2026
5-Sep-26,Day 12,HR OS Pipeline,Worked on configuring testing and deploying the HR OS Pipeline,Pipeline,Completed,9/5/2026
5-Sep-26,Day 12,Pharma OS Application,"Implemented Patient List & Registration API, Supplier Directory API, Settings Save & PIN Change API, and Secure Manager PIN Verification",Software,Completed,9/5/2026
17-Sep-26,Day 24,Pharma OS Application,"Sprint 1: Core POS API Integrations - Real-time Reports 7-day revenue trend API, dynamic HSN tax breakdown, Live Returns API wiring, itemized Purchase GRN detail modal, fresh invoice reprint with backend sync, supplier inward ledger balance sync, and WhatsApp 1-click receipt sharing",Software,Completed,9/17/2026
18-Sep-26,Day 25,Pharma OS Application,"Sprint 2: Security & Multi-Role RBAC - Implemented EMERGENCY_DESK role, backend route role guards (requireRole) for manager mutations & owner deletions, Staff Management API (GET/PUT auth users), and Settings Section 6 Staff Roster & RBAC control panel",Security,Completed,9/18/2026
19-Sep-26,Day 26,Pharma OS Application,"Sprint 3: Advanced Workflows & Clinical Analytics - Purchase Orders CRUD API with AdvancePurchaseOrders UI wiring, Voice Consultations CRUD API with audio record persistence, and Patient Antimicrobial Resistance (AMR) & Adherence Diagnostic Analytics",Software,Completed,9/19/2026
20-Sep-26,Day 27,SUNDAY,,,,
21-Sep-26,Day 28,Pharma OS Application,"Sprint 4: Online Delivery & Production Verification - DeliveryOrder Mongoose model, 6 REST endpoints (/api/delivery-orders), full lifecycle OnlineDeliveryPage wiring (order stage transitions, Rx verification, invoice generation), and production authentication credential validation",Software,Completed,9/21/2026
22-Sep-26,Day 29,Pharma OS Application,"Sprint 5: Real-time & Automation - Socket.IO live stock & invoice broadcasting, automated email recovery service, and background cron jobs",Software,Completed,9/22/2026
23-Sep-26,Day 30,Pharma OS Application,"Sprint 6: Production Hardening - Complete 100% backend API integration across all 44 components, multi-counter sync, and zero-error builds",Software,Completed,9/22/2026

